Trigger,Method,MAE,P95_abs_err,InBand,ViolMag,StepRMS,TT_inband,AA_inband,Mix80_20
AD,Constant,0.16389315389347575,0.216,0.016129032258064516,0.13918885281820692,0.0,90.20125398056724,17.09792379976564,31.718589835925965
AD,PID,0.03089504163042734,0.068,0.45698924731182794,0.011610095393868196,0.614511572757291,93.53711374416078,22.506201953835834,36.71238431190083
AD,DQN,0.015338547651947346,0.033999999999999975,0.8225806451612904,0.0014999999999999998,2.55440795488896,93.98075404381046,22.962152010429662,37.165872417105824
AD,GRPO,0.010848998599680538,0.025999999999999995,0.9408602150537635,0.00039200935236870493,2.49783690203928,93.7351303926383,22.558881667431418,36.794131412472794
HT,Constant,0.17902794153038365,0.236,0.016129032258064516,0.15424837163791055,0.0,94.45692733152583,18.398022511867545,33.609803475799204
HT,PID,0.025004765426373265,0.055499999999999994,0.5860215053763441,0.007128421340351755,1.22867801891469,97.82441859606355,24.906329572952664,39.48994737757484
HT,DQN,0.014318558414632573,0.034,0.8548387096774194,0.0010873756189336457,4.470927106226313,97.94637844263498,25.741396105154067,40.18239257265026
HT,GRPO,0.011232536909256232,0.028000000000000025,0.8978494623655914,0.0006250100275357966,3.5656014238152745,98.06575977205411,26.221224232661207,40.59013134053978
