Trigger,Method,MAE,P95_abs_err,InBand,ViolMag,StepRMS,TV,TT_inband,AA_inband
AD,Constant,0.16389315389347575,0.216,0.016129032258064516,0.13918885281820692,0.0,0.0,90.20125398056724,17.09792379976564
AD,PID,0.009160068487155127,0.027943184652713213,0.9354838709677419,0.000299853433391682,2.1531623809230958,314.8742493027054,93.65226539269385,22.370562365290866
AD,DQN,0.015338547651947346,0.033999999999999975,0.8225806451612904,0.0014999999999999998,2.55440795488896,373.5,93.98075404381046,22.962152010429662
AD,GRPO,0.010838245911508495,0.025999999999999995,0.9408602150537635,0.00040276204054074825,2.536490446223637,367.5,93.73911855321052,22.589133310257353
HT,Constant,0.17902794153038365,0.236,0.016129032258064516,0.15424837163791055,0.0,0.0,94.45692733152583,18.398022511867545
HT,PID,0.025004765426373265,0.055499999999999994,0.5860215053763441,0.007128421340351755,1.22867801891469,181.27532483729797,97.82441859606355,24.906329572952664
HT,DQN,0.014318558414632573,0.034,0.8548387096774194,0.0010873756189336457,4.470927106226313,688.0,97.94637844263498,25.741396105154067
HT,GRPO,0.011232536909256232,0.028000000000000025,0.8978494623655914,0.0006250100275357966,3.5656014238152745,526.0,98.06575977205411,26.221224232661207
