Trigger,Method,MAE,P95_abs_err,InBand,ViolMag,StepRMS,TV,TT_inband,AA_inband
AD,Constant,0.16389315389347575,0.216,0.016129032258064516,0.13918885281820692,0.0,0.0,90.20125398056724,17.09792379976564
AD,PID,0.03089504163042734,0.068,0.45698924731182794,0.011610095393868196,0.614511572757291,94.0692092791221,93.53711374416078,22.506201953835834
AD,DQN,0.015338547651947346,0.033999999999999975,0.8225806451612904,0.0014999999999999998,2.55440795488896,373.5,93.98075404381046,22.962152010429662
AD,GRPO,0.011193084621185914,0.026000000000000016,0.9354838709677419,0.0005264179545192423,2.5111911677690095,363.0,93.72869838237537,22.546124781222602
HT,Constant,0.17902794153038365,0.236,0.016129032258064516,0.15424837163791055,0.0,0.0,94.45692733152583,18.398022511867545
HT,PID,0.025004765426373265,0.055499999999999994,0.5860215053763441,0.007128421340351755,1.22867801891469,181.27532483729797,97.82441859606355,24.906329572952664
HT,DQN,0.014318558414632573,0.034,0.8548387096774194,0.0010873756189336457,4.470927106226313,688.0,97.94637844263498,25.741396105154067
HT,GRPO,0.011361569167320748,0.03,0.8817204301075269,0.0007271605651702051,3.5746857733762245,530.0,98.04073955897361,26.095683080769266
