Trigger,Method,MAE,P95_abs_err,InBand,UpViol,TV,tt,h_to_4b
AD,Constant,0.16389315389347575,0.216,0.016129032258064516,0.0,0.0,90.20125398056724,17.09792379976564
AD,PID,0.03089504163042734,0.068,0.45698924731182794,0.00014516129032258082,94.0692092791221,93.53711374416078,22.506201953835834
AD,DQN,0.015338547651947346,0.033999999999999975,0.8225806451612904,0.0014193548387096773,373.5,93.98075404381046,22.962152010429662
AD,GRPO,0.015918589332359966,0.04350000000000001,0.7956989247311828,0.0010000000000000002,363.85546875,93.6491987466512,22.347327602948972
HT,Constant,0.17902794153038365,0.236,0.016129032258064516,0.0,0.0,94.45692733152583,18.398022511867545
HT,PID,0.025004765426373265,0.055499999999999994,0.5860215053763441,0.0001344086021505378,181.27532483729797,97.82441859606355,24.906329572952664
HT,DQN,0.014318558414632573,0.034,0.8548387096774194,4.3010752688172305e-05,688.0,97.94637844263498,25.741396105154067
HT,GRPO,0.016912230472638914,0.04600000000000001,0.8010752688172043,0.0006075268817204298,427.5,97.97231492217185,25.714587227107366
