Trigger,Method,MAE,P95,InBand,UpFrac,DownFrac,ttbar,h4b
HT,Constant,0.17902794153038365,0.236,0.010752688172043012,0.005376344086021506,0.9838709677419355,94.50643954169611,18.50298435231489
HT,PD,0.030480080620168645,0.066,0.3763440860215054,0.03763440860215054,0.5752688172043011,97.89885997396874,25.065776297400607
HT,ADT Yang et al. (2024),0.018152270782723235,0.04799999999999999,0.6075268817204301,0.20967741935483872,0.13440860215053763,98.00007964538122,25.90698137132305
AD,Constant,0.16389315389347575,0.216,0.016129032258064516,0.0,0.9838709677419355,90.20125398056724,17.09792379976564
AD,PD,0.03375957321832329,0.07200000000000001,0.3225806451612903,0.026881720430107527,0.6451612903225806,93.52510018681899,22.478186597018563
AD,ADT Yang et al. (2024),0.011869745906509965,0.03000000000000002,0.8225806451612904,0.0913978494623656,0.06989247311827956,93.84691021770267,22.81385058398252
